[
  {
    "index": 10,
    "style": "Vintage",
    "tone": "Gen Z",
    "audience": "Professionals",
    "caption": "Tata Safari: A Gen Z experience built for Professionals.",
    "score": 91.4,
    "base": "creative_10_Vintage.png",
    "variants": {
      "Instagram Post": "creative_10_Instagram_Post.png",
      "Instagram Reel": "creative_10_Instagram_Reel.png",
      "LinkedIn Banner": "creative_10_LinkedIn_Banner.png",
      "Pinterest Pin": "creative_10_Pinterest_Pin.png",
      "9:16 Poster": "creative_10_9:16_Poster.png"
    },
    "rank": 1
  },
  {
    "index": 8,
    "style": "Neon",
    "tone": "Adventure",
    "audience": "SUV Enthusiasts",
    "caption": "Tata Safari: A Adventure experience built for SUV Enthusiasts.",
    "score": 86.66,
    "base": "creative_08_Neon.png",
    "variants": {
      "Instagram Post": "creative_08_Instagram_Post.png",
      "Instagram Reel": "creative_08_Instagram_Reel.png",
      "LinkedIn Banner": "creative_08_LinkedIn_Banner.png",
      "Pinterest Pin": "creative_08_Pinterest_Pin.png",
      "9:16 Poster": "creative_08_9:16_Poster.png"
    },
    "rank": 2
  },
  {
    "index": 2,
    "style": "Neon",
    "tone": "Adventure",
    "audience": "SUV Enthusiasts",
    "caption": "Tata Safari: A Adventure experience built for SUV Enthusiasts.",
    "score": 84.95,
    "base": "creative_02_Neon.png",
    "variants": {
      "Instagram Post": "creative_02_Instagram_Post.png",
      "Instagram Reel": "creative_02_Instagram_Reel.png",
      "LinkedIn Banner": "creative_02_LinkedIn_Banner.png",
      "Pinterest Pin": "creative_02_Pinterest_Pin.png",
      "9:16 Poster": "creative_02_9:16_Poster.png"
    },
    "rank": 3
  },
  {
    "index": 3,
    "style": "Luxury",
    "tone": "Luxury",
    "audience": "Adventurers",
    "caption": "Tata Safari: A Luxury experience built for Adventurers.",
    "score": 84.2,
    "base": "creative_03_Luxury.png",
    "variants": {
      "Instagram Post": "creative_03_Instagram_Post.png",
      "Instagram Reel": "creative_03_Instagram_Reel.png",
      "LinkedIn Banner": "creative_03_LinkedIn_Banner.png",
      "Pinterest Pin": "creative_03_Pinterest_Pin.png",
      "9:16 Poster": "creative_03_9:16_Poster.png"
    },
    "rank": 4
  },
  {
    "index": 9,
    "style": "Luxury",
    "tone": "Luxury",
    "audience": "Adventurers",
    "caption": "Tata Safari: A Luxury experience built for Adventurers.",
    "score": 80.47,
    "base": "creative_09_Luxury.png",
    "variants": {
      "Instagram Post": "creative_09_Instagram_Post.png",
      "Instagram Reel": "creative_09_Instagram_Reel.png",
      "LinkedIn Banner": "creative_09_LinkedIn_Banner.png",
      "Pinterest Pin": "creative_09_Pinterest_Pin.png",
      "9:16 Poster": "creative_09_9:16_Poster.png"
    },
    "rank": 5
  },
  {
    "index": 5,
    "style": "Futuristic",
    "tone": "Elegant",
    "audience": "Couples",
    "caption": "Tata Safari: A Elegant experience built for Couples.",
    "score": 80.26,
    "base": "creative_05_Futuristic.png",
    "variants": {
      "Instagram Post": "creative_05_Instagram_Post.png",
      "Instagram Reel": "creative_05_Instagram_Reel.png",
      "LinkedIn Banner": "creative_05_LinkedIn_Banner.png",
      "Pinterest Pin": "creative_05_Pinterest_Pin.png",
      "9:16 Poster": "creative_05_9:16_Poster.png"
    },
    "rank": 6
  },
  {
    "index": 1,
    "style": "Minimal",
    "tone": "Professional",
    "audience": "Families",
    "caption": "Tata Safari: A Professional experience built for Families.",
    "score": 78.06,
    "base": "creative_01_Minimal.png",
    "variants": {
      "Instagram Post": "creative_01_Instagram_Post.png",
      "Instagram Reel": "creative_01_Instagram_Reel.png",
      "LinkedIn Banner": "creative_01_LinkedIn_Banner.png",
      "Pinterest Pin": "creative_01_Pinterest_Pin.png",
      "9:16 Poster": "creative_01_9:16_Poster.png"
    },
    "rank": 7
  },
  {
    "index": 7,
    "style": "Minimal",
    "tone": "Professional",
    "audience": "Families",
    "caption": "Tata Safari: A Professional experience built for Families.",
    "score": 72.97,
    "base": "creative_07_Minimal.png",
    "variants": {
      "Instagram Post": "creative_07_Instagram_Post.png",
      "Instagram Reel": "creative_07_Instagram_Reel.png",
      "LinkedIn Banner": "creative_07_LinkedIn_Banner.png",
      "Pinterest Pin": "creative_07_Pinterest_Pin.png",
      "9:16 Poster": "creative_07_9:16_Poster.png"
    },
    "rank": 8
  },
  {
    "index": 4,
    "style": "Vintage",
    "tone": "Gen Z",
    "audience": "Professionals",
    "caption": "Tata Safari: A Gen Z experience built for Professionals.",
    "score": 71.99,
    "base": "creative_04_Vintage.png",
    "variants": {
      "Instagram Post": "creative_04_Instagram_Post.png",
      "Instagram Reel": "creative_04_Instagram_Reel.png",
      "LinkedIn Banner": "creative_04_LinkedIn_Banner.png",
      "Pinterest Pin": "creative_04_Pinterest_Pin.png",
      "9:16 Poster": "creative_04_9:16_Poster.png"
    },
    "rank": 9
  },
  {
    "index": 6,
    "style": "Bold",
    "tone": "Confident",
    "audience": "Young Drivers",
    "caption": "Tata Safari: A Confident experience built for Young Drivers.",
    "score": 70.39,
    "base": "creative_06_Bold.png",
    "variants": {
      "Instagram Post": "creative_06_Instagram_Post.png",
      "Instagram Reel": "creative_06_Instagram_Reel.png",
      "LinkedIn Banner": "creative_06_LinkedIn_Banner.png",
      "Pinterest Pin": "creative_06_Pinterest_Pin.png",
      "9:16 Poster": "creative_06_9:16_Poster.png"
    },
    "rank": 10
  }
]